address,private_key
tb1qlh8v2uj7x5ah0qa2pxunpwzyss9u003xahmx4n,p2wpkh:cProDrvXvRh1ktbCoa5enJLVwRz1Jg9p4ZBPvJKb9WLAThE1GV72
tb1qf6mvxhk8sg7qpd40n6txtth7thdvjw7ru2vcg4,p2wpkh:cTWYjT9FejoDLip6dLZ3HsRuL3vU1oFk42KkXmdXnWXAQZ6Aba3w
tb1qmj66e2m78tn8zxu4avuk9jktawr4j58fp88mgl,p2wpkh:cU4Bx5KJMsKLsXReKzBpvHkGSG1zLRx7LrFiiSfUuYzUC5Akwxd1
tb1qyn50n45pac2cg6njyx3vj9eael2uypfvqyda87,p2wpkh:cV7fHfKrmVNDUsdiYp9u5qRpeV8NvG1fkyuaMeXnAABgEALiqAr2
tb1qezlvvs8qt506xzfx2n9y8sk5fqhpwsypgy2ykn,p2wpkh:cRspR1QJ3q6jUbNA5pPiCqbdYkcmwocxu8jYofjJ3hNTtV8MkDqw
tb1qj3y45d6ytmj8g9mh0rznm59ahmhurudz8cmanm,p2wpkh:cPs1TxbxToUdjjnzjMnr8hauMxhCxq3fYFnvudXVWvjtRbtSuLHX
tb1qm063ym69ucx5r3as23wlrdwe34q8vglgtzgsc2,p2wpkh:cQZwrQcke8qWWPothSbLvhwtiYQ15mch8xQ2Wat8k5v34WDc1uhc
tb1qks42py9m0h5u0s0hynn3ryytctdm06rqde47yr,p2wpkh:cUqYmVFzacsDrYgNZBLrn7WgTXF5YBT1HbNrFK3PqEzu9JabvNhK
tb1qmyrv95h8vcepjqdlstgjzj3q08zl0cc7ehdrmj,p2wpkh:cRj77ruPtsFYptoDMH3kWjrUR92eiqLQax9iu8vRevJawVGNo4tR
tb1qp4nq8s3wm6gdm0k6pmqp0u6yvz7xqtqnu74gtj,p2wpkh:cPeRj5TrB6SgkZmW1y3JrNe7E9B6j4T9sakVYrCGHREiPJ5w7pTh
tb1qhm2tv940zfjy00uj3kg929lan0tjndf4yvxq77,p2wpkh:cTCS6kpLgvddFvW4jnxNydN2vs4ygB7x2aeebhmej7eSqme7FqjZ
tb1q95u0uawqas7jr5z9seeewkyfutp56n7unlv5t8,p2wpkh:cNWYevdmL93Zk7c4GbZtj3NVotMs6vtfZTtLasFpbT4maji4Szp8
tb1q0ngrw3hetzmj8ksvvx4544cwqrrsr3wqryvhul,p2wpkh:cNg6SvbzA67wbFAJfDdPwqa2u6QHZXSYD1DgnUVD5VTbwcwpiiX7
tb1q2nk8uk3clcghwaptl9wtt9jftssdsn3zehzjzc,p2wpkh:cRFyedbJ4Wr2ALUCqXyWW5uk2tcDLX6oa8gBtTfzzUmJGVP3FzqE
tb1qyw2g9rpuzryhqhnqevq9ke7k3va9jkazt42r8q,p2wpkh:cPycCujdWxut9GBUvGnFtviKtdJnLif3Ba4MGURSdnmpPNvFKUqd
tb1q4q7rgr2hmdnvh5q55yr4pd8vgkvx7vvnzxa8ly,p2wpkh:cVKHnpdFfxfVaz3DdEiqeGZ2PorAVGNoc98HUPEuJzgrZnzz7PEs
tb1qr80ng6tvhwpj9hy352l5v9d03k96kl8yvymjyv,p2wpkh:cSyaFiniqwSNJAyUkNX9gv4H96wNqnsjwDiuHrGv7ypsbA82tALS
tb1qapguwms8aq6p0u2p26xx5jg24yxm8857c9jva4,p2wpkh:cQywS9FxRbHb3dqUAct6q8RpBd5nxpoKMsUdYptDBMhsbnaYm2ut
tb1qk8czwr8p8rgs9g0zsrw2mzqa8a7pra6ed5krzw,p2wpkh:cV4dXokazdQsvqCNJRWXrfdmycASUKPRf47ctTJybcw3m6Ha5H2G
tb1qrdajqcxwx0vnphlwzdjzex78xd8rtpp39v54tm,p2wpkh:cUh8You9gdb4aHHincEFh6CK7paSN8jUxbJSNegzxeqycY6acQQh
tb1qp4r8h8lapac9c20zwgznp9evmvarfs3rsemkl7,p2wpkh:cU3tNxCv7ubzprVgjVQhTFoepfj1q9CtnWP8VwkLrtBFRDaMKYVj
tb1qte9qfqv4qaxtp06fuvemj2zlzq8cgsuca0z4ld,p2wpkh:cUrAnw2JsugE2kaEseJV2JFDqL764EZRAJ975hCmUcnX5gERsVDH
tb1qhpzv7gtgcxwed5dfp6w9undp2wm4a8qrv9q0el,p2wpkh:cVTiJVfXxrjBYib4BJjGg6cZJaF4VLfdTvcVpG72v1tQPjZ75FXQ
tb1qaj2y04ru5m3ew0kpqgqca59sqre7hh8fu6tgln,p2wpkh:cNNUH4ksefopJ1duwY1AvgLd9CPYg4Y8LU6oxkeLu85kkCTJmQeQ
tb1q2c2ht6qtjwkxcz7xashtwvz0femyx0seg6ys6e,p2wpkh:cP8n2QoYkciKE7W5y2kbuEtB6P9Wz3R5Jx9X2Ro5i8QWvgPJ5znd
tb1q0nwwcmrn479weh488dp3rt5t3wml6yp8tjmfz3,p2wpkh:cRkiEzigYYubbY1uGGxazYP4voQiDeQw9rET2tYDB77HcESgtiwA
tb1q2pzdsg9n2a3kazaxk406ew8r7p2478kvdpz4sm,p2wpkh:cRVubfpQ6FZdukCoQw6MKVeYmDMe3En7oPG1ixtyqtkz4MHLCfmW
tb1qvxdru56a6dvh22dq90vtlt33058v4uwe8jf40g,p2wpkh:cSB7jm3AU2NQA9TwnxwQS4uGWBgt2g9wZBPm65Q8Hq1kiEqT6oBV
tb1qxprw53rdz7sgmed8sgzyfw0kjm2fnmx8fn683w,p2wpkh:cVtEqaSoJAoyGCm9SVtPgFrWusd4RFBCrcnU134iWM586m5rcBT4
tb1q3qsplh5rwcpk2p5jqmhas7pqhhduk8hlekt76u,p2wpkh:cUHqyrX2dMEXzpVFctskQEcSF3eKSuuuH79qADbee59PMzDEqWHs
tb1q7gt5yl0g823ahzd7803x05mqyf9urlqmd5kmzr,p2wpkh:cPaGsPEq5hM2zU9LNJQVZ3v4Xv4ETtKhoQF9iyq9b3BWcHEh6W71
tb1qwnjlrxhxywa0s0h7pxe76f9daas0a8aup889j0,p2wpkh:cSKsHK9G47VcoHWr47Tz7cZsqKNvnX4j1qerAKqFpVcWUsE4WiNS
